{"RuleTriggered": 0, "Violations": 0, "Details": {"pin_memory": false, "num_workers": 0, "cores": 36, "dataloaders": 1, "dataloading_time": {"p25": 0.024557, "p50": 0.02493, "p95": 0.0262468, "probs": [1, 0, 0, 0, 0, 0, 0, 0, 0, 0, 0, 0, 0, 0, 0, 0, 0, 0, 0, 0, 0, 0, 0, 0, 0, 0, 0, 0, 0, 0, 0, 0, 0, 0, 0, 0, 0, 0, 0, 0, 0, 0, 0, 0, 0, 0, 0, 0, 0, 0, 0, 0, 0, 0, 0, 0, 0, 0, 0, 0, 0, 0, 0, 0, 0, 0, 0, 0, 0, 0, 0, 0, 0, 0, 0, 0, 0, 0, 0, 0, 0, 0, 0, 0, 0, 0, 0, 0, 0, 1, 2, 0, 1, 1, 1, 1, 0, 0, 0, 2], "binedges": [0.007078, 0.00727021, 0.00746242, 0.00765463, 0.00784684, 0.00803905, 0.00823126, 0.00842347, 0.00861568, 0.00880789, 0.0090001, 0.00919231, 0.00938452, 0.00957673, 0.00976894, 0.00996115, 0.01015336, 0.01034557, 0.01053778, 0.01072999, 0.0109222, 0.01111441, 0.01130662, 0.01149883, 0.01169104, 0.01188325, 0.01207546, 0.01226767, 0.01245988, 0.01265209, 0.0128443, 0.01303651, 0.01322872, 0.01342093, 0.01361314, 0.01380535, 0.01399756, 0.014189769999999999, 0.014381979999999999, 0.014574189999999999, 0.014766399999999999, 0.01495861, 0.015150819999999999, 0.01534303, 0.015535239999999999, 0.01572745, 0.01591966, 0.01611187, 0.01630408, 0.01649629, 0.0166885, 0.01688071, 0.01707292, 0.01726513, 0.01745734, 0.01764955, 0.017841759999999998, 0.01803397, 0.018226179999999998, 0.01841839, 0.018610599999999998, 0.01880281, 0.018995019999999998, 0.01918723, 0.019379439999999998, 0.01957165, 0.019763859999999998, 0.01995607, 0.020148279999999998, 0.02034049, 0.020532699999999997, 0.02072491, 0.020917119999999997, 0.02110933, 0.021301539999999997, 0.02149375, 0.021685959999999997, 0.02187817, 0.022070379999999997, 0.02226259, 0.022454799999999997, 0.02264701, 0.02283922, 0.02303143, 0.02322364, 0.02341585, 0.02360806, 0.02380027, 0.02399248, 0.02418469, 0.0243769, 0.024569109999999998, 0.02476132, 0.024953529999999998, 0.02514574, 0.025337949999999998, 0.02553016, 0.025722369999999998, 0.02591458, 0.026106789999999998, 0.026299]}}, "Datapoints": 10, "RuleParameters": "min_threshold:70\nmax_threshold:200"}