{"RuleTriggered": 0, "Violations": 0, "Details": {"step_num": {"first": 1686494039814153, "last": 1686496359943230}, "job_start": 1686493954.500675, "job_end": 1686496379.500979}, "Datapoints": 86, "RuleParameters": "threshold:20"}