{"RuleTriggered": 0, "Violations": 0, "Details": {"ratio": {"cpu_functions": 100.0}, "phase": {"Step:ModeKeys.GLOBAL": 109.09248665908741, "others": -9.092486659087424}, "phase_time": {}, "general": {"DataLoaderIterInitialize": 2.145245055270577e-05, "Forward": 99.99116211912987, "DataLoaderIter": 0.008816428419578026}, "CPU": {"dropout": 3.513867314054332, "matmul": 10.278388997895476, "mm": 25.855354912710233, "NativeLayerNormBackward": 7.162314149650302, "native_layer_norm_backward": 7.1604729547955825, "MmBackward": 16.938736064939246, "GeluBackward": 14.545645571481694, "gelu_backward": 14.545220034473132}, "CPU_total": {"dropout": 10462239, "matmul": 30603023, "mm": 76982105, "NativeLayerNormBackward": 21325177, "native_layer_norm_backward": 21319695, "MmBackward": 50433636, "GeluBackward": 43308414, "gelu_backward": 43307147}}, "Datapoints": 0, "RuleParameters": ""}